item_name,week_number,category
Sparkling Water,8,Beverages
Green Onions,17,Vegetables
Baking Powder,4,Baking Supplies
Greek Yogurt,2,Dairy
Potatoes,14,Vegetables
Salt,16,Spices & Seasonings
Cinnamon,8,Spices & Seasonings
Canned Chicken,27,Proteins
Butter Lettuce,26,Vegetables
Coffee,26,Beverages
Mangoes,7,Fruits
Whole Wheat Bread,18,Bakery
Bagels,25,Bakery
Evaporated Milk,4,Dairy
Iced Tea,17,Beverages
Potatoes,2,Vegetables
Chili Powder,3,Spices & Seasonings
Brown Sugar,28,Baking Supplies
Butternut Squash,20,Dairy
Chicken Broth,11,Proteins
Butter,22,Dairy
Lettuce,30,Vegetables
Baking Soda,16,Beverages
Watermelon,3,Beverages
Tortillas,27,Grains & Pasta
Yogurt,27,Dairy
Onions,3,Vegetables
Green Onions,11,Vegetables
Apples,11,Fruits
Butter Lettuce,13,Vegetables
Milk,24,Dairy
Eggs,24,Dairy
Butter Lettuce,8,Vegetables
Canned Beans,2,Canned Goods
Butter,30,Dairy
Chicken,9,Proteins
Soda,9,Beverages
Canned Chicken,13,Proteins
Cheese,6,Dairy
Canned Beans,18,Canned Goods
Chocolate,3,Snacks
Strawberries,17,Fruits
Brown Sugar,16,Baking Supplies
Brown Sugar,16,Baking Supplies
Butter Lettuce,13,Vegetables
Cream Cheese,24,Dairy
Butter Lettuce,21,Vegetables
Green Tea,10,Beverages
Broccoli,21,Vegetables
Oats,1,Grains & Pasta
Sparkling Water,13,Beverages
Canned Chicken,7,Proteins
Chicken Broth,12,Proteins
String Cheese,8,Dairy
Hot Sauce,13,Condiments
Strawberries,19,Fruits
Tea,4,Beverages
Ketchup,7,Condiments
Cinnamon,10,Spices & Seasonings
Oats,12,Grains & Pasta
Canned Chicken,28,Proteins
Condensed Milk,15,Dairy
Spinach,22,Vegetables
Frozen Pizza,1,Frozen Foods
Butter Lettuce,5,Vegetables
Pasta,22,Grains & Pasta
Orange Juice,23,Beverages
Milk,25,Dairy
Cheddar Cheese,13,Dairy
Salt,15,Spices & Seasonings
Quinoa,1,Grains & Pasta
Greek Yogurt,11,Dairy
Butternut Squash,13,Dairy
Baking Powder,2,Baking Supplies
Watermelon,17,Beverages
Spinach,3,Vegetables
Carrots,27,Vegetables
Green Tea,26,Beverages
Quinoa,11,Grains & Pasta
Pears,26,Fruits
Chicken,23,Proteins
Carrots,16,Vegetables
Greek Yogurt,3,Dairy
Pasta,9,Grains & Pasta
Hot Sauce,7,Condiments
Orange Juice,9,Beverages
Rice Noodles,13,Grains & Pasta
Lettuce,22,Vegetables
Chocolate,8,Snacks
Evaporated Milk,14,Dairy
Spinach,27,Vegetables
Butternut Squash,15,Dairy
Pears,27,Fruits
Chocolate,10,Snacks
Mangoes,28,Fruits
Broccoli,24,Vegetables
English Muffins,24,Bakery
Spinach,2,Vegetables
Ice Cream,20,Snacks
Sparkling Water,6,Beverages
Sparkling Water,15,Beverages
Frozen Pizza,4,Frozen Foods
Chicken,7,Proteins
Carrots,14,Vegetables
Pita Bread,1,Bakery
Rice Noodles,14,Grains & Pasta
Black Tea,10,Beverages
Broccoli,19,Vegetables
Soda,20,Beverages
Rice Noodles,7,Grains & Pasta
Mozzarella Cheese,6,Dairy
Coconut Milk,14,Dairy
Black Tea,9,Beverages
Instant Coffee,14,Beverages
Bagels,3,Bakery
Frozen Pizza,14,Frozen Foods
Oats,23,Grains & Pasta
Rice Noodles,10,Grains & Pasta
Hot Sauce,4,Condiments
Chili Powder,10,Spices & Seasonings
Green Onions,23,Vegetables
Sparkling Water,12,Beverages
Mozzarella Cheese,25,Dairy
Pita Bread,23,Bakery
Quinoa,1,Grains & Pasta
Sparkling Water,14,Beverages
Whole Wheat Bread,24,Bakery
Bagged Chips,21,Snacks
Greek Yogurt,13,Dairy
Butter Lettuce,14,Vegetables
Mangoes,18,Fruits
Cream Cheese,7,Dairy
Coconut Milk,15,Dairy
Bagels,29,Bakery
Chicken Broth,25,Proteins
Fish,6,Proteins
Spinach,3,Vegetables
Almond Milk,14,Dairy
Butternut Squash,21,Dairy
Yogurt,27,Dairy
Frozen Pizza,30,Frozen Foods
Cheese,22,Dairy
Strawberries,23,Fruits
Watermelon,26,Beverages
Tomatoes,5,Vegetables
Canned Beans,24,Canned Goods
Butter Lettuce,20,Vegetables
Mozzarella Cheese,22,Dairy
Rice,25,Grains & Pasta
Watermelon,11,Beverages
Frozen Vegetables,13,Frozen Foods
Apples,11,Fruits
Cream Cheese,26,Dairy
Sweet Potatoes,13,Vegetables
Bagels,3,Bakery
Peanut Butter,26,Dairy
Baking Soda,19,Beverages
Broccoli,1,Vegetables
Watermelon,13,Beverages
Bagels,16,Bakery
Pepper,11,Spices & Seasonings
Beef,13,Proteins
Spinach,11,Vegetables
Green Onions,30,Vegetables
Baking Soda,25,Beverages
Pork,2,Proteins
Canned Chicken,30,Proteins
Salt,24,Spices & Seasonings
Onions,4,Vegetables
Canned Chicken,13,Proteins
Bagels,15,Bakery
Tortillas,20,Grains & Pasta
Evaporated Milk,9,Dairy
Rice,25,Grains & Pasta
Orange Juice,27,Beverages
Oats,15,Grains & Pasta
Bread,25,Bakery
Tea,12,Beverages
Brown Sugar,27,Baking Supplies
Mozzarella Cheese,26,Dairy
Bell Peppers,9,Spices & Seasonings
Tortillas,28,Grains & Pasta
Cookies,8,Snacks
Cookies,1,Snacks
English Muffins,8,Bakery
Tortillas,17,Grains & Pasta
Brown Sugar,23,Baking Supplies
Canned Chicken,19,Proteins
Pork,19,Proteins
Baking Soda,1,Beverages
Pita Bread,29,Bakery
Oats,23,Grains & Pasta
Bell Peppers,15,Spices & Seasonings
Cookies,23,Snacks
Coffee,23,Beverages
Fish,13,Proteins
Mac and Cheese,21,Dairy
Pork,12,Proteins
Cheddar Cheese,20,Dairy
Cheddar Cheese,26,Dairy
Almond Milk,7,Dairy
Fish,13,Proteins
Pork,18,Proteins
Popcorn,20,Snacks
Peanut Butter,27,Dairy
Frozen Pizza,20,Frozen Foods
Strawberries,30,Fruits
Beef,12,Proteins
Whole Wheat Bread,18,Bakery
Salt,16,Spices & Seasonings
Quinoa,11,Grains & Pasta
Mozzarella Cheese,13,Dairy
Brown Sugar,17,Baking Supplies
Onions,14,Vegetables
Mayonnaise,29,Condiments
Green Onions,28,Vegetables
Bell Peppers,14,Spices & Seasonings
Beef,23,Proteins
Mustard,11,Condiments
Eggs,4,Dairy
Tortilla Chips,7,Snacks
Popcorn,2,Snacks
Butter Lettuce,17,Vegetables
Soda,14,Beverages
Popcorn,24,Snacks
Bread,12,Bakery
Green Tea,10,Beverages
Cookies,3,Snacks
Sweet Potatoes,15,Vegetables
Lettuce,13,Vegetables
Canned Chicken,29,Proteins
Salt,30,Spices & Seasonings
Peanut Butter,1,Dairy
Popcorn,19,Snacks
Eggs,9,Dairy
Baking Powder,26,Baking Supplies
Chicken,2,Proteins
Cinnamon,19,Spices & Seasonings
Frozen Berries,2,Frozen Foods
Greek Yogurt,2,Dairy
Cream Cheese,22,Dairy
Tortillas,17,Grains & Pasta
Mozzarella Cheese,1,Dairy
Instant Coffee,30,Beverages
Rice Noodles,17,Grains & Pasta
Canned Beans,23,Canned Goods
Chocolate,30,Snacks
Baking Powder,10,Baking Supplies
Mac and Cheese,28,Dairy
Grapes,21,Fruits
Coffee,11,Beverages
Strawberries,3,Fruits
Carrots,9,Vegetables
Ketchup,15,Condiments
Chicken Broth,13,Proteins
Evaporated Milk,22,Dairy
Bananas,11,Fruits
Baking Powder,3,Baking Supplies
Pasta Sauce,16,Grains & Pasta
Eggs,24,Dairy
Yogurt,3,Dairy
Sparkling Water,22,Beverages
Mayonnaise,16,Condiments
Flour,26,Grains & Pasta
Hot Sauce,7,Condiments
Rice Noodles,28,Grains & Pasta
Popcorn,12,Snacks
Cinnamon,19,Spices & Seasonings
Grapes,25,Fruits
Mayonnaise,11,Condiments
Tomatoes,25,Vegetables
Cream Cheese,6,Dairy
Butter,25,Dairy
Salt,9,Spices & Seasonings
Apples,1,Fruits
Tea,9,Beverages
Popcorn,12,Snacks
Chocolate,23,Snacks
Carrots,12,Vegetables
Orange Juice,16,Beverages
Onions,21,Vegetables
Butternut Squash,30,Dairy
Frozen Berries,27,Frozen Foods
Flour,23,Grains & Pasta
Tea,29,Beverages
Mozzarella Cheese,6,Dairy
Eggs,16,Dairy
Mustard,19,Condiments
Onions,22,Vegetables
Condensed Milk,22,Dairy
Tonic Water,16,Beverages
Bell Peppers,22,Spices & Seasonings
Tea,26,Beverages
Cinnamon,9,Spices & Seasonings
Cookies,24,Snacks
Yogurt,28,Dairy
Mac and Cheese,9,Dairy
Sparkling Water,21,Beverages
String Cheese,10,Dairy
Bananas,8,Fruits
Frozen Berries,7,Frozen Foods
Tea,18,Beverages
Ice Cream,15,Snacks
String Cheese,24,Dairy
Frozen Pizza,1,Frozen Foods
Carrots,28,Vegetables
Condensed Milk,15,Dairy
Canned Chicken,26,Proteins
Lettuce,22,Vegetables
Chicken,19,Proteins
Peanut Butter,25,Dairy
Ketchup,7,Condiments
Tonic Water,11,Beverages
Quinoa,28,Grains & Pasta
Ice Cream,8,Snacks
Potatoes,18,Vegetables
English Muffins,21,Bakery
Pasta,10,Grains & Pasta
English Muffins,29,Bakery
Flour,5,Grains & Pasta
Cheese,2,Dairy
Yogurt,10,Dairy
Sparkling Water,29,Beverages
Orange Juice,8,Beverages
Frozen Berries,4,Frozen Foods
String Cheese,28,Dairy
Coconut Milk,13,Dairy
Tea,9,Beverages
Cheese,20,Dairy
English Muffins,9,Bakery
String Cheese,15,Dairy
Rice Noodles,12,Grains & Pasta
Carrots,18,Vegetables
Rice,8,Grains & Pasta
Quinoa,1,Grains & Pasta
Bagels,25,Bakery
Fish,7,Proteins
Instant Coffee,29,Beverages
Pita Bread,8,Bakery
Instant Coffee,11,Beverages
Parmesan Cheese,4,Dairy
Green Tea,1,Beverages
Rice Noodles,17,Grains & Pasta
Pears,27,Fruits
Cream Cheese,19,Dairy
Potatoes,8,Vegetables
String Cheese,4,Dairy
Evaporated Milk,5,Dairy
Flour,23,Grains & Pasta
Quinoa,23,Grains & Pasta
Frozen Vegetables,22,Frozen Foods
Popcorn,13,Snacks
Pasta,23,Grains & Pasta
Beef,1,Proteins
Green Tea,25,Beverages
Orange Juice,5,Beverages
Spinach,28,Vegetables
Butternut Squash,11,Dairy
Tofu,8,Proteins
Oats,29,Grains & Pasta
Bagels,18,Bakery
Frozen Pizza,16,Frozen Foods
Quinoa,25,Grains & Pasta
Eggs,3,Dairy
Evaporated Milk,29,Dairy
Butternut Squash,9,Dairy
Brown Sugar,4,Baking Supplies
Tofu,28,Proteins
Chocolate,25,Snacks
Pears,19,Fruits
Salt,29,Spices & Seasonings
Cookies,26,Snacks
Butter Lettuce,28,Vegetables
Rice,20,Grains & Pasta
Greek Yogurt,24,Dairy
Mayonnaise,9,Condiments
Lettuce,12,Vegetables
Ice Cream,3,Snacks
Baking Powder,16,Baking Supplies
Chili Powder,6,Spices & Seasonings
Frozen Pizza,22,Frozen Foods
Frozen Berries,7,Frozen Foods
Tofu,21,Proteins
Yogurt,19,Dairy
Black Tea,24,Beverages
Chili Powder,14,Spices & Seasonings
Carrots,16,Vegetables
Tofu,12,Proteins
Ketchup,15,Condiments
Parmesan Cheese,27,Dairy
Soda,2,Beverages
Green Onions,24,Vegetables
Butternut Squash,7,Dairy
Baking Soda,10,Beverages
Green Tea,8,Beverages
Ice Cream,13,Snacks
Tortillas,2,Grains & Pasta
Orange Juice,12,Beverages
Salt,5,Spices & Seasonings
Ketchup,21,Condiments
Tea,29,Beverages
Rice Noodles,16,Grains & Pasta
Popcorn,21,Snacks
Apples,13,Fruits
Chicken,7,Proteins
Iced Tea,16,Beverages
Bagels,13,Bakery
Onions,3,Vegetables
Cheese,3,Dairy
Spinach,24,Vegetables
Tortilla Chips,21,Snacks
Carrots,7,Vegetables
Frozen Vegetables,8,Frozen Foods
Green Onions,9,Vegetables
Sparkling Water,25,Beverages
Sparkling Water,9,Beverages
Pepper,25,Spices & Seasonings
Strawberries,25,Fruits
Instant Coffee,24,Beverages
Baking Powder,1,Baking Supplies
Spinach,8,Vegetables
Rice,19,Grains & Pasta
Beef,6,Proteins
Parmesan Cheese,25,Dairy
Milk,28,Dairy
Tortilla Chips,12,Snacks
Tofu,9,Proteins
Chili Powder,14,Spices & Seasonings
Parmesan Cheese,6,Dairy
Tonic Water,9,Beverages
Soda,27,Beverages
Grapes,21,Fruits
Broccoli,25,Vegetables
Beef,8,Proteins
Peanut Butter,24,Dairy
Peanut Butter,19,Dairy
Frozen Vegetables,6,Frozen Foods
Yogurt,30,Dairy
Frozen Pizza,5,Frozen Foods
Yogurt,28,Dairy
Tonic Water,14,Beverages
Cheese,9,Dairy
Chili Powder,13,Spices & Seasonings
Tofu,5,Proteins
Fish,14,Proteins
Bagged Chips,28,Snacks
Ice Cream,9,Snacks
Apples,16,Fruits
Quinoa,21,Grains & Pasta
Greek Yogurt,21,Dairy
Salt,6,Spices & Seasonings
Sparkling Water,18,Beverages
Chicken Broth,30,Proteins
Ketchup,7,Condiments
Iced Tea,6,Beverages
Pita Bread,30,Bakery
Iced Tea,14,Beverages
Grapes,30,Fruits
Sweet Potatoes,30,Vegetables
Beef,9,Proteins
Instant Coffee,23,Beverages
Instant Coffee,28,Beverages
Frozen Pizza,14,Frozen Foods
Carrots,10,Vegetables
Pasta,1,Grains & Pasta
Tofu,27,Proteins
Orange Juice,3,Beverages
Cinnamon,9,Spices & Seasonings
Tonic Water,12,Beverages
Tomatoes,27,Vegetables
Tofu,15,Proteins
Oats,12,Grains & Pasta
Pasta Sauce,11,Grains & Pasta
Tortillas,2,Grains & Pasta
Whole Wheat Bread,5,Bakery
Coffee,10,Beverages
Pasta,2,Grains & Pasta
Mayonnaise,16,Condiments
Almond Milk,24,Dairy
Rice,8,Grains & Pasta
Chicken Broth,25,Proteins
Pasta,26,Grains & Pasta
Watermelon,14,Beverages
Tortilla Chips,13,Snacks
Spinach,10,Vegetables
Mac and Cheese,23,Dairy
Lettuce,4,Vegetables
Mayonnaise,18,Condiments
Tortilla Chips,11,Snacks
Fish,23,Proteins
Bread,3,Bakery
Rice Noodles,10,Grains & Pasta
Almond Milk,12,Dairy
Evaporated Milk,10,Dairy
Apples,8,Fruits
Apples,5,Fruits
Potatoes,20,Vegetables
Butternut Squash,12,Dairy
Rice Noodles,9,Grains & Pasta
Carrots,21,Vegetables
Tea,3,Beverages
Carrots,17,Vegetables
Soda,6,Beverages
Popcorn,16,Snacks
Bagged Chips,7,Snacks
Mustard,18,Condiments
Bread,11,Bakery
Ketchup,7,Condiments
Sweet Potatoes,14,Vegetables
Rice Noodles,3,Grains & Pasta
Baking Soda,28,Beverages
Ketchup,20,Condiments
Lettuce,12,Vegetables
Bananas,30,Fruits
Popcorn,28,Snacks
Apples,13,Fruits
Bagged Chips,30,Snacks
Whole Wheat Bread,13,Bakery
Cookies,16,Snacks
Greek Yogurt,22,Dairy
Mustard,5,Condiments
Iced Tea,23,Beverages
Pepper,29,Spices & Seasonings
Soda,4,Beverages
Black Tea,19,Beverages
Pork,4,Proteins
Bananas,28,Fruits
Chocolate,20,Snacks
Coconut Milk,18,Dairy
Spinach,3,Vegetables
Bread,15,Bakery
Potatoes,16,Vegetables
Hot Sauce,20,Condiments
Baking Soda,7,Beverages
Black Tea,27,Beverages
Pasta Sauce,9,Grains & Pasta
Frozen Berries,13,Frozen Foods
Mangoes,23,Fruits
Mangoes,20,Fruits
Coconut Milk,24,Dairy
Canned Beans,11,Canned Goods
Popcorn,29,Snacks
Beef,23,Proteins
Pita Bread,21,Bakery
Bagged Chips,28,Snacks
Tofu,16,Proteins
Sweet Potatoes,26,Vegetables
Chicken,23,Proteins
Beef,27,Proteins
Tomatoes,15,Vegetables
Mayonnaise,9,Condiments
Green Onions,27,Vegetables
Mangoes,23,Fruits
Tortillas,28,Grains & Pasta
Mayonnaise,10,Condiments
Butter,9,Dairy
Frozen Pizza,3,Frozen Foods
Broccoli,21,Vegetables
Butter,22,Dairy
Flour,28,Grains & Pasta
Almond Milk,16,Dairy
Almond Milk,23,Dairy
Mozzarella Cheese,28,Dairy
Milk,30,Dairy
Tortilla Chips,27,Snacks
Tortillas,5,Grains & Pasta
Baking Powder,4,Baking Supplies
Butternut Squash,2,Dairy
Potatoes,27,Vegetables
Coffee,14,Beverages
Fish,5,Proteins
Brown Sugar,5,Baking Supplies
Quinoa,19,Grains & Pasta
Coconut Milk,18,Dairy
Mangoes,13,Fruits
Ice Cream,14,Snacks
Bagged Chips,12,Snacks
Butter,15,Dairy
Bananas,21,Fruits
Oats,9,Grains & Pasta
Evaporated Milk,23,Dairy
Butternut Squash,11,Dairy
Mozzarella Cheese,13,Dairy
Watermelon,4,Beverages
Salt,28,Spices & Seasonings
Tea,3,Beverages
Greek Yogurt,19,Dairy
Canned Beans,3,Canned Goods
Popcorn,28,Snacks
String Cheese,17,Dairy
Pepper,3,Spices & Seasonings
Parmesan Cheese,16,Dairy
Baking Soda,5,Beverages
Ketchup,14,Condiments
Fish,18,Proteins
Chicken Broth,5,Proteins
Yogurt,11,Dairy
Cinnamon,18,Spices & Seasonings
Mozzarella Cheese,6,Dairy
Bagels,4,Bakery
Milk,9,Dairy
Almond Milk,23,Dairy
Brown Sugar,26,Baking Supplies
Frozen Berries,17,Frozen Foods
Pears,25,Fruits
Hot Sauce,9,Condiments
Mayonnaise,11,Condiments
Pita Bread,30,Bakery
Baking Soda,26,Beverages
Pasta,14,Grains & Pasta
Evaporated Milk,15,Dairy
Beef,1,Proteins
Pita Bread,21,Bakery
Eggs,13,Dairy
Carrots,14,Vegetables
Condensed Milk,4,Dairy
Cheddar Cheese,30,Dairy
Bagged Chips,26,Snacks
Chicken,19,Proteins
Cream Cheese,9,Dairy
Tea,3,Beverages
Eggs,6,Dairy
Peanut Butter,30,Dairy
Bread,2,Bakery
Ice Cream,21,Snacks
Popcorn,15,Snacks
Mac and Cheese,21,Dairy
Bagged Chips,9,Snacks
Strawberries,25,Fruits
Parmesan Cheese,10,Dairy
String Cheese,30,Dairy
Tofu,27,Proteins
Butter,16,Dairy
Milk,17,Dairy
Mac and Cheese,13,Dairy
Hot Sauce,2,Condiments
Salt,20,Spices & Seasonings
Evaporated Milk,14,Dairy
Orange Juice,22,Beverages
Coconut Milk,6,Dairy
Butter Lettuce,19,Vegetables
Evaporated Milk,9,Dairy
Evaporated Milk,19,Dairy
Black Tea,27,Beverages
Mayonnaise,15,Condiments
Mozzarella Cheese,23,Dairy
Coffee,13,Beverages
Oats,8,Grains & Pasta
Oats,24,Grains & Pasta
Pasta,19,Grains & Pasta
Chili Powder,4,Spices & Seasonings
Pasta,11,Grains & Pasta
String Cheese,25,Dairy
Pita Bread,11,Bakery
Instant Coffee,23,Beverages
Hot Sauce,2,Condiments
Cheddar Cheese,12,Dairy
Flour,1,Grains & Pasta
Black Tea,28,Beverages
Ice Cream,23,Snacks
Frozen Berries,6,Frozen Foods
Hot Sauce,21,Condiments
Pears,16,Fruits
Cheese,25,Dairy
Chicken Broth,6,Proteins
Bread,4,Bakery
Tofu,5,Proteins
Watermelon,26,Beverages
Canned Chicken,30,Proteins
Broccoli,20,Vegetables
Parmesan Cheese,16,Dairy
Pears,7,Fruits
Tofu,23,Proteins
Frozen Berries,7,Frozen Foods
Pears,5,Fruits
Butternut Squash,9,Dairy
Hot Sauce,27,Condiments
English Muffins,21,Bakery
Bell Peppers,25,Spices & Seasonings
Cheese,11,Dairy
Mangoes,14,Fruits
Iced Tea,30,Beverages
Tea,21,Beverages
Chocolate,19,Snacks
Pork,26,Proteins
Coffee,21,Beverages
Sparkling Water,7,Beverages
Chili Powder,19,Spices & Seasonings
Instant Coffee,17,Beverages
Potatoes,24,Vegetables
Mustard,1,Condiments
Cream Cheese,18,Dairy
Whole Wheat Bread,11,Bakery
Pita Bread,30,Bakery
Greek Yogurt,12,Dairy
Bagels,8,Bakery
Instant Coffee,18,Beverages
Evaporated Milk,18,Dairy
Tonic Water,15,Beverages
Potatoes,18,Vegetables
Bananas,25,Fruits
Coconut Milk,14,Dairy
Fish,25,Proteins
Green Onions,9,Vegetables
Instant Coffee,16,Beverages
Baking Powder,13,Baking Supplies
Bagged Chips,12,Snacks
Bell Peppers,25,Spices & Seasonings
Mozzarella Cheese,28,Dairy
Cheese,17,Dairy
Tea,6,Beverages
Fish,5,Proteins
Lettuce,4,Vegetables
Tofu,4,Proteins
Eggs,2,Dairy
Baking Powder,7,Baking Supplies
Mayonnaise,26,Condiments
Evaporated Milk,3,Dairy
Black Tea,30,Beverages
Milk,7,Dairy
Almond Milk,16,Dairy
Tortillas,18,Grains & Pasta
Coffee,25,Beverages
Almond Milk,26,Dairy
Butter Lettuce,15,Vegetables
Tofu,3,Proteins
Bread,25,Bakery
Grapes,17,Fruits
Beef,23,Proteins
Mangoes,1,Fruits
Peanut Butter,9,Dairy
Baking Soda,22,Beverages
Chocolate,14,Snacks
Baking Powder,3,Baking Supplies
Chocolate,2,Snacks
Fish,7,Proteins
Canned Chicken,24,Proteins
Eggs,15,Dairy
Greek Yogurt,24,Dairy
Chicken Broth,23,Proteins
Bread,30,Bakery
Ketchup,13,Condiments
Evaporated Milk,18,Dairy
Coffee,9,Beverages
Watermelon,9,Beverages
Baking Powder,18,Baking Supplies
Pepper,15,Spices & Seasonings
Pepper,26,Spices & Seasonings
Tea,3,Beverages
Hot Sauce,10,Condiments
Cookies,18,Snacks
Fish,9,Proteins
Lettuce,25,Vegetables
Bagels,7,Bakery
Parmesan Cheese,2,Dairy
Orange Juice,17,Beverages
Butternut Squash,1,Dairy
Apples,24,Fruits
Tea,30,Beverages
Orange Juice,29,Beverages
Eggs,12,Dairy
Pepper,22,Spices & Seasonings
Coffee,23,Beverages
Baking Soda,20,Beverages
Mustard,7,Condiments
Oats,12,Grains & Pasta
Bagels,2,Bakery
Beef,13,Proteins
Chicken Broth,18,Proteins
Baking Powder,24,Baking Supplies
Quinoa,24,Grains & Pasta
Grapes,30,Fruits
Spinach,10,Vegetables
Pita Bread,23,Bakery
Canned Beans,28,Canned Goods
Canned Beans,8,Canned Goods
Ketchup,27,Condiments
Greek Yogurt,5,Dairy
Iced Tea,30,Beverages
Quinoa,23,Grains & Pasta
Pasta Sauce,13,Grains & Pasta
Tonic Water,29,Beverages
Cheddar Cheese,23,Dairy
Pepper,21,Spices & Seasonings
Pepper,14,Spices & Seasonings
Green Tea,9,Beverages
Grapes,20,Fruits
Bananas,21,Fruits
Sweet Potatoes,17,Vegetables
Green Onions,8,Vegetables
Pasta,16,Grains & Pasta
Chicken,16,Proteins
Pork,25,Proteins
Frozen Pizza,20,Frozen Foods
Coffee,9,Beverages
Frozen Pizza,9,Frozen Foods
Cream Cheese,18,Dairy
Hot Sauce,8,Condiments
Condensed Milk,3,Dairy
Tea,11,Beverages
Sparkling Water,12,Beverages
Cheddar Cheese,2,Dairy
Mac and Cheese,5,Dairy
Yogurt,6,Dairy
Cheddar Cheese,15,Dairy
Cheese,22,Dairy
Yogurt,17,Dairy
Cream Cheese,30,Dairy
Oats,20,Grains & Pasta
Mac and Cheese,4,Dairy
Green Tea,5,Beverages
Mac and Cheese,24,Dairy
Baking Soda,1,Beverages
Chocolate,21,Snacks
Sparkling Water,10,Beverages
Tofu,5,Proteins
Quinoa,6,Grains & Pasta
Iced Tea,11,Beverages
Sweet Potatoes,22,Vegetables
Coffee,25,Beverages
Whole Wheat Bread,16,Bakery
Butter Lettuce,28,Vegetables
Canned Beans,8,Canned Goods
Ketchup,17,Condiments
Canned Chicken,1,Proteins
Coconut Milk,25,Dairy
Broccoli,21,Vegetables
Popcorn,14,Snacks
Greek Yogurt,30,Dairy
Milk,29,Dairy
Rice Noodles,22,Grains & Pasta
Iced Tea,21,Beverages
Brown Sugar,14,Baking Supplies
Canned Beans,14,Canned Goods
Mustard,23,Condiments
Coffee,12,Beverages
Ketchup,15,Condiments
English Muffins,2,Bakery
Butter,10,Dairy
Flour,1,Grains & Pasta
Canned Chicken,26,Proteins
Parmesan Cheese,21,Dairy
Eggs,28,Dairy
Flour,10,Grains & Pasta
Pears,5,Fruits
Sweet Potatoes,16,Vegetables
Brown Sugar,10,Baking Supplies
Pepper,19,Spices & Seasonings
Butter Lettuce,9,Vegetables
Pork,30,Proteins
Canned Chicken,1,Proteins
Green Onions,17,Vegetables
Tofu,18,Proteins
Fish,18,Proteins
Cheese,3,Dairy
Pasta Sauce,20,Grains & Pasta
Cinnamon,11,Spices & Seasonings
Spinach,20,Vegetables
Pears,14,Fruits
Green Onions,4,Vegetables
Orange Juice,6,Beverages
Green Tea,2,Beverages
Pasta,30,Grains & Pasta
Quinoa,12,Grains & Pasta
Chicken,16,Proteins
Rice,23,Grains & Pasta
Green Onions,1,Vegetables
Soda,26,Beverages
Sparkling Water,6,Beverages
Milk,1,Dairy
Chicken,6,Proteins
Mustard,6,Condiments
Tea,18,Beverages
Frozen Berries,12,Frozen Foods
Watermelon,30,Beverages
Bagged Chips,27,Snacks
Bagged Chips,7,Snacks
Black Tea,4,Beverages
Sweet Potatoes,24,Vegetables
Evaporated Milk,10,Dairy
Bananas,14,Fruits
Tomatoes,21,Vegetables
Carrots,28,Vegetables
Salt,15,Spices & Seasonings
Coffee,25,Beverages
Black Tea,17,Beverages
Milk,25,Dairy
Rice Noodles,11,Grains & Pasta
Tofu,23,Proteins
Green Tea,18,Beverages
Watermelon,16,Beverages
Whole Wheat Bread,27,Bakery
Mac and Cheese,27,Dairy
Tea,24,Beverages
Green Tea,4,Beverages
Chicken,7,Proteins
Peanut Butter,24,Dairy
Whole Wheat Bread,16,Bakery
Iced Tea,8,Beverages
Eggs,19,Dairy
Canned Beans,17,Canned Goods
Whole Wheat Bread,9,Bakery
Strawberries,20,Fruits
Mustard,21,Condiments
Beef,18,Proteins
Mac and Cheese,23,Dairy
Pears,26,Fruits
Evaporated Milk,3,Dairy
Evaporated Milk,29,Dairy
Brown Sugar,23,Baking Supplies
Mustard,8,Condiments
Canned Beans,16,Canned Goods
Soda,23,Beverages
Tomatoes,3,Vegetables
Pita Bread,22,Bakery
Chicken Broth,10,Proteins
Bell Peppers,4,Spices & Seasonings
Soda,22,Beverages
Canned Beans,14,Canned Goods
Condensed Milk,29,Dairy
Eggs,27,Dairy
Strawberries,30,Fruits
Broccoli,29,Vegetables
Quinoa,25,Grains & Pasta
Chocolate,19,Snacks
Pita Bread,7,Bakery
Tofu,1,Proteins
Peanut Butter,26,Dairy
Peanut Butter,18,Dairy
Tonic Water,21,Beverages
Fish,25,Proteins
Bagels,4,Bakery
Apples,2,Fruits
Sweet Potatoes,26,Vegetables
Tonic Water,14,Beverages
Grapes,27,Fruits
Frozen Vegetables,22,Frozen Foods
Strawberries,1,Fruits
Canned Chicken,20,Proteins
Mangoes,25,Fruits
Almond Milk,3,Dairy
Whole Wheat Bread,4,Bakery
Brown Sugar,10,Baking Supplies
Greek Yogurt,4,Dairy
Green Tea,12,Beverages
Tomatoes,28,Vegetables
Green Tea,29,Beverages
Potatoes,30,Vegetables
Coconut Milk,2,Dairy
Cheddar Cheese,26,Dairy
Orange Juice,13,Beverages
Chocolate,4,Snacks
Cinnamon,7,Spices & Seasonings
Tortilla Chips,14,Snacks
Quinoa,7,Grains & Pasta
Coconut Milk,3,Dairy
Onions,5,Vegetables
Baking Powder,15,Baking Supplies
Pepper,4,Spices & Seasonings
Potatoes,29,Vegetables
Hot Sauce,17,Condiments
Grapes,8,Fruits
Cream Cheese,12,Dairy
Frozen Vegetables,24,Frozen Foods
Tortilla Chips,24,Snacks
Frozen Vegetables,6,Frozen Foods
Frozen Pizza,9,Frozen Foods
Coconut Milk,30,Dairy
Mustard,26,Condiments
Frozen Vegetables,14,Frozen Foods
Chicken Broth,15,Proteins
Peanut Butter,9,Dairy
Lettuce,18,Vegetables
Butter,25,Dairy
Bread,13,Bakery
Rice Noodles,9,Grains & Pasta
Grapes,29,Fruits
Frozen Vegetables,29,Frozen Foods
Bagged Chips,6,Snacks
Strawberries,27,Fruits
Potatoes,4,Vegetables
Cheddar Cheese,22,Dairy
Frozen Pizza,2,Frozen Foods
Whole Wheat Bread,23,Bakery
Canned Beans,2,Canned Goods
Carrots,12,Vegetables
Lettuce,3,Vegetables
Black Tea,23,Beverages
Green Onions,24,Vegetables
Green Onions,6,Vegetables
Canned Chicken,20,Proteins
Popcorn,22,Snacks
Tonic Water,27,Beverages
Oats,30,Grains & Pasta
Rice,26,Grains & Pasta
Peanut Butter,22,Dairy
Sparkling Water,29,Beverages
Butter,19,Dairy
Orange Juice,3,Beverages
Frozen Pizza,19,Frozen Foods
Chocolate,3,Snacks
Almond Milk,30,Dairy
Tonic Water,19,Beverages
Brown Sugar,8,Baking Supplies
Canned Beans,9,Canned Goods
Beef,2,Proteins
Pita Bread,27,Bakery
Tortilla Chips,22,Snacks
Flour,24,Grains & Pasta
Butter,21,Dairy
Mozzarella Cheese,18,Dairy
Greek Yogurt,12,Dairy
Lettuce,30,Vegetables
Tomatoes,5,Vegetables
Mac and Cheese,6,Dairy
Lettuce,4,Vegetables
Black Tea,4,Beverages
Green Onions,25,Vegetables
Pork,25,Proteins
Whole Wheat Bread,27,Bakery
Coconut Milk,28,Dairy
Frozen Vegetables,5,Frozen Foods
Butter Lettuce,16,Vegetables
Butter Lettuce,28,Vegetables
Apples,18,Fruits
Pasta,30,Grains & Pasta
Almond Milk,11,Dairy
Cookies,30,Snacks
Cinnamon,11,Spices & Seasonings
Pepper,2,Spices & Seasonings
Sweet Potatoes,27,Vegetables
Sweet Potatoes,6,Vegetables
Mangoes,16,Fruits
Onions,2,Vegetables
Condensed Milk,20,Dairy
Baking Soda,5,Beverages
Grapes,22,Fruits
Strawberries,17,Fruits
Salt,16,Spices & Seasonings
Parmesan Cheese,15,Dairy
Pita Bread,21,Bakery
Rice Noodles,13,Grains & Pasta
Pasta Sauce,9,Grains & Pasta
Butternut Squash,20,Dairy
Pita Bread,6,Bakery
Greek Yogurt,6,Dairy
Beef,11,Proteins
Green Onions,10,Vegetables
Fish,11,Proteins
Coffee,7,Beverages
Apples,13,Fruits
Bagels,28,Bakery
Soda,25,Beverages
Instant Coffee,5,Beverages
Coconut Milk,21,Dairy
Cream Cheese,14,Dairy
Chocolate,3,Snacks
Brown Sugar,30,Baking Supplies
Mangoes,1,Fruits
Green Onions,16,Vegetables
Butternut Squash,10,Dairy
Milk,29,Dairy
Frozen Vegetables,17,Frozen Foods
Mac and Cheese,3,Dairy
Ice Cream,11,Snacks
Instant Coffee,15,Beverages
Greek Yogurt,8,Dairy
Rice,17,Grains & Pasta
Potatoes,10,Vegetables
Bagels,2,Bakery
Coffee,9,Beverages
Butternut Squash,8,Dairy
Bagels,26,Bakery
Tortilla Chips,19,Snacks
Parmesan Cheese,30,Dairy
Pita Bread,15,Bakery
Broccoli,8,Vegetables
Canned Chicken,10,Proteins
Rice Noodles,1,Grains & Pasta
Mangoes,6,Fruits
Ketchup,20,Condiments
Mustard,13,Condiments
Grapes,6,Fruits
Iced Tea,26,Beverages
Popcorn,21,Snacks
Mayonnaise,14,Condiments
Tortilla Chips,21,Snacks
Frozen Pizza,8,Frozen Foods
Cheese,26,Dairy
Peanut Butter,16,Dairy
Tonic Water,28,Beverages
Ketchup,15,Condiments
Potatoes,3,Vegetables
Ketchup,21,Condiments
Instant Coffee,22,Beverages
Chicken,22,Proteins
Tofu,23,Proteins
Peanut Butter,22,Dairy
Mustard,16,Condiments
Pasta Sauce,19,Grains & Pasta
Chocolate,6,Snacks
Flour,8,Grains & Pasta
Mayonnaise,12,Condiments
Mac and Cheese,23,Dairy
Black Tea,4,Beverages
Pita Bread,14,Bakery
Pita Bread,24,Bakery
Cheddar Cheese,1,Dairy
Butternut Squash,7,Dairy
Potatoes,18,Vegetables
Brown Sugar,24,Baking Supplies
Tofu,1,Proteins
Frozen Pizza,19,Frozen Foods
Evaporated Milk,5,Dairy
Pasta,25,Grains & Pasta
Ice Cream,10,Snacks
Canned Chicken,9,Proteins
Quinoa,3,Grains & Pasta
Tonic Water,6,Beverages
Green Onions,3,Vegetables
Tortillas,22,Grains & Pasta
Green Onions,9,Vegetables
Soda,24,Beverages
Broccoli,14,Vegetables
Cream Cheese,18,Dairy
Coffee,25,Beverages
Tortilla Chips,16,Snacks
Pears,10,Fruits
Flour,22,Grains & Pasta
Cinnamon,30,Spices & Seasonings
Yogurt,23,Dairy
Pasta,9,Grains & Pasta
Cheddar Cheese,24,Dairy
Tortilla Chips,22,Snacks
Greek Yogurt,27,Dairy
Spinach,9,Vegetables
Bagels,5,Bakery
Brown Sugar,24,Baking Supplies
Pears,13,Fruits
Yogurt,2,Dairy
Green Onions,27,Vegetables
Almond Milk,22,Dairy
Carrots,14,Vegetables
Butter Lettuce,29,Vegetables
Tofu,27,Proteins
Peanut Butter,6,Dairy
Butternut Squash,30,Dairy
Pepper,21,Spices & Seasonings
Cream Cheese,8,Dairy
Watermelon,22,Beverages
String Cheese,22,Dairy
Cream Cheese,21,Dairy
Eggs,8,Dairy
Quinoa,24,Grains & Pasta
Cream Cheese,3,Dairy
Canned Chicken,19,Proteins
Peanut Butter,25,Dairy
Mozzarella Cheese,29,Dairy
Potatoes,28,Vegetables
Flour,13,Grains & Pasta
Oats,4,Grains & Pasta
Tea,3,Beverages
Rice Noodles,2,Grains & Pasta
Butternut Squash,2,Dairy
Quinoa,27,Grains & Pasta
Watermelon,12,Beverages
Green Tea,23,Beverages
Beef,5,Proteins
Mangoes,17,Fruits
Mangoes,28,Fruits
Tofu,12,Proteins
Butter,25,Dairy
Flour,13,Grains & Pasta
Chocolate,25,Snacks
Frozen Pizza,28,Frozen Foods
Tortillas,10,Grains & Pasta
Cinnamon,27,Spices & Seasonings
Baking Powder,16,Baking Supplies
Green Onions,11,Vegetables
Pita Bread,8,Bakery
Whole Wheat Bread,10,Bakery
Flour,5,Grains & Pasta
Lettuce,17,Vegetables
Butternut Squash,19,Dairy
Mayonnaise,20,Condiments
Coconut Milk,14,Dairy
Mustard,10,Condiments
Cheddar Cheese,8,Dairy
Tortillas,10,Grains & Pasta
Cheese,12,Dairy
Cheddar Cheese,23,Dairy
Milk,11,Dairy
Yogurt,26,Dairy
Tofu,30,Proteins
Quinoa,28,Grains & Pasta
Almond Milk,24,Dairy
Grapes,30,Fruits
Cream Cheese,17,Dairy
Fish,5,Proteins
Fish,6,Proteins
Yogurt,1,Dairy
Pita Bread,3,Bakery
Pepper,1,Spices & Seasonings
Whole Wheat Bread,9,Bakery
Butter Lettuce,2,Vegetables
Coffee,10,Beverages
Coffee,27,Beverages
Salt,7,Spices & Seasonings
Almond Milk,25,Dairy
Mac and Cheese,14,Dairy
Mangoes,22,Fruits
Soda,26,Beverages
Flour,19,Grains & Pasta
Mangoes,27,Fruits
Greek Yogurt,9,Dairy
Bread,10,Bakery
Tortilla Chips,27,Snacks
Pasta Sauce,9,Grains & Pasta
Rice Noodles,8,Grains & Pasta
Greek Yogurt,20,Dairy
Pasta,12,Grains & Pasta
Rice Noodles,22,Grains & Pasta
Mac and Cheese,22,Dairy
Mac and Cheese,8,Dairy
Watermelon,6,Beverages
Tortilla Chips,20,Snacks
Chicken Broth,19,Proteins
Chocolate,20,Snacks
Evaporated Milk,8,Dairy
Quinoa,10,Grains & Pasta
Potatoes,29,Vegetables
Cookies,12,Snacks
Tea,4,Beverages
Tomatoes,25,Vegetables
Broccoli,5,Vegetables
Cheddar Cheese,28,Dairy
Mayonnaise,26,Condiments
English Muffins,16,Bakery
Butter Lettuce,23,Vegetables
Butter,19,Dairy
Chicken Broth,11,Proteins
Black Tea,18,Beverages
Bread,13,Bakery
Ketchup,20,Condiments
Chicken,14,Proteins
Yogurt,10,Dairy
Hot Sauce,27,Condiments
Butter Lettuce,10,Vegetables
Lettuce,12,Vegetables
Bagels,28,Bakery
Bell Peppers,11,Spices & Seasonings
Tomatoes,7,Vegetables
Pork,6,Proteins
Pasta,4,Grains & Pasta
Tonic Water,4,Beverages
Coconut Milk,8,Dairy
Greek Yogurt,3,Dairy
Quinoa,22,Grains & Pasta
Grapes,12,Fruits
Iced Tea,16,Beverages
Parmesan Cheese,14,Dairy
Green Tea,22,Beverages
Coconut Milk,13,Dairy
Mangoes,24,Fruits
Lettuce,28,Vegetables
Chicken Broth,5,Proteins
Mangoes,26,Fruits
Yogurt,3,Dairy
Whole Wheat Bread,25,Bakery
Butternut Squash,30,Dairy
Black Tea,29,Beverages
Chocolate,3,Snacks
Tortillas,4,Grains & Pasta
Watermelon,25,Beverages
Watermelon,27,Beverages
Frozen Berries,2,Frozen Foods
Eggs,21,Dairy
Frozen Vegetables,25,Frozen Foods
Potatoes,29,Vegetables
Tofu,17,Proteins
Pork,22,Proteins
Yogurt,19,Dairy
Baking Powder,8,Baking Supplies
Bagged Chips,8,Snacks
Pasta Sauce,20,Grains & Pasta
Butter,27,Dairy
Ketchup,19,Condiments
Mangoes,1,Fruits
Pasta Sauce,23,Grains & Pasta
Pita Bread,20,Bakery
Butter,8,Dairy
Evaporated Milk,22,Dairy
Pasta Sauce,11,Grains & Pasta
English Muffins,8,Bakery
Strawberries,2,Fruits
Mustard,15,Condiments
Mac and Cheese,27,Dairy
Tofu,16,Proteins
Cheddar Cheese,5,Dairy
Tonic Water,6,Beverages
Fish,5,Proteins
Bread,15,Bakery
Sparkling Water,25,Beverages
Pepper,23,Spices & Seasonings
Tofu,23,Proteins
Butter Lettuce,21,Vegetables
Parmesan Cheese,22,Dairy
Whole Wheat Bread,18,Bakery
Frozen Vegetables,12,Frozen Foods
Green Onions,11,Vegetables
Parmesan Cheese,6,Dairy
Oats,8,Grains & Pasta
Soda,17,Beverages
Sparkling Water,6,Beverages
Bell Peppers,29,Spices & Seasonings
Tea,8,Beverages
Lettuce,23,Vegetables
Tomatoes,13,Vegetables
Butternut Squash,2,Dairy
Tortilla Chips,9,Snacks
Parmesan Cheese,29,Dairy
Coffee,24,Beverages
Soda,22,Beverages
Chocolate,1,Snacks
Tofu,13,Proteins
Black Tea,17,Beverages
Tortilla Chips,22,Snacks
Almond Milk,27,Dairy
Whole Wheat Bread,4,Bakery
Onions,14,Vegetables
Chicken,20,Proteins
Cream Cheese,18,Dairy
Butter,10,Dairy
Watermelon,30,Beverages
Green Onions,21,Vegetables
Condensed Milk,8,Dairy
Instant Coffee,4,Beverages
Quinoa,14,Grains & Pasta
Whole Wheat Bread,9,Bakery
Frozen Berries,16,Frozen Foods
Cream Cheese,14,Dairy
String Cheese,16,Dairy
Tofu,2,Proteins
Pears,19,Fruits
Evaporated Milk,8,Dairy
Soda,13,Beverages
Sparkling Water,5,Beverages
Carrots,25,Vegetables
Yogurt,24,Dairy
Tomatoes,15,Vegetables
Oats,22,Grains & Pasta
Potatoes,10,Vegetables
Salt,14,Spices & Seasonings
Cheddar Cheese,5,Dairy
String Cheese,16,Dairy
Bagels,3,Bakery
Tonic Water,12,Beverages
Coconut Milk,30,Dairy
Bagels,26,Bakery
Pepper,13,Spices & Seasonings
Cream Cheese,18,Dairy
Orange Juice,26,Beverages
Eggs,28,Dairy
English Muffins,9,Bakery
Rice Noodles,19,Grains & Pasta
Sweet Potatoes,21,Vegetables
Oats,23,Grains & Pasta
Tortilla Chips,6,Snacks
Pita Bread,18,Bakery
Instant Coffee,5,Beverages
Brown Sugar,25,Baking Supplies
Baking Soda,20,Beverages
Frozen Pizza,1,Frozen Foods
Brown Sugar,14,Baking Supplies
Chocolate,26,Snacks
Tofu,27,Proteins
Watermelon,10,Beverages
Frozen Vegetables,1,Frozen Foods
Ketchup,8,Condiments
Bell Peppers,30,Spices & Seasonings
Bagged Chips,27,Snacks
Pita Bread,6,Bakery
Orange Juice,19,Beverages
Pears,22,Fruits
Baking Soda,18,Beverages
Coffee,26,Beverages
String Cheese,7,Dairy
Chicken Broth,2,Proteins
Cream Cheese,8,Dairy
Canned Beans,26,Canned Goods
Pork,15,Proteins
Chicken,2,Proteins
Soda,24,Beverages
Sweet Potatoes,16,Vegetables
Beef,8,Proteins
Grapes,14,Fruits
Coconut Milk,15,Dairy
Cheese,11,Dairy
Canned Chicken,27,Proteins
Mac and Cheese,5,Dairy
Rice,10,Grains & Pasta
Watermelon,6,Beverages
Canned Beans,17,Canned Goods
Coconut Milk,20,Dairy
Pepper,9,Spices & Seasonings
Lettuce,27,Vegetables
Brown Sugar,26,Baking Supplies
Sparkling Water,29,Beverages
Cheddar Cheese,22,Dairy
Brown Sugar,5,Baking Supplies
Milk,11,Dairy
Potatoes,18,Vegetables
Sparkling Water,6,Beverages
Butternut Squash,11,Dairy
Tortillas,4,Grains & Pasta
Peanut Butter,15,Dairy
Baking Soda,24,Beverages
Chocolate,2,Snacks
Bread,26,Bakery
Hot Sauce,19,Condiments
Sweet Potatoes,26,Vegetables
Orange Juice,27,Beverages
Broccoli,7,Vegetables
Strawberries,29,Fruits
Rice,27,Grains & Pasta
Pears,6,Fruits
Whole Wheat Bread,12,Bakery
Tortilla Chips,26,Snacks
Pasta Sauce,29,Grains & Pasta
Bagels,14,Bakery
Parmesan Cheese,21,Dairy
Apples,22,Fruits
Flour,5,Grains & Pasta
Pita Bread,8,Bakery
Chocolate,23,Snacks
Frozen Vegetables,27,Frozen Foods
Pepper,19,Spices & Seasonings
Frozen Berries,21,Frozen Foods
Chicken Broth,5,Proteins
Coffee,30,Beverages
Whole Wheat Bread,17,Bakery
Chicken Broth,28,Proteins
Strawberries,21,Fruits
Hot Sauce,28,Condiments
Cream Cheese,14,Dairy
Pears,6,Fruits
Soda,1,Beverages
Carrots,11,Vegetables
Tofu,30,Proteins
Tortillas,4,Grains & Pasta
Mayonnaise,2,Condiments
Parmesan Cheese,12,Dairy
Carrots,19,Vegetables
Cheddar Cheese,1,Dairy
Baking Powder,6,Baking Supplies
Orange Juice,10,Beverages
Butternut Squash,25,Dairy
English Muffins,9,Bakery
Pita Bread,23,Bakery
Mangoes,25,Fruits
Peanut Butter,25,Dairy
Sparkling Water,17,Beverages
Chocolate,8,Snacks
Brown Sugar,9,Baking Supplies
Pork,22,Proteins
Green Onions,3,Vegetables
Quinoa,15,Grains & Pasta
Bagels,5,Bakery
Pork,18,Proteins
Tofu,2,Proteins
Onions,3,Vegetables
Sparkling Water,8,Beverages
Popcorn,10,Snacks
Baking Soda,15,Beverages
Butternut Squash,22,Dairy
Apples,7,Fruits
Potatoes,14,Vegetables
Instant Coffee,9,Beverages
Bell Peppers,12,Spices & Seasonings
Bananas,16,Fruits
Canned Beans,25,Canned Goods
Green Onions,7,Vegetables
Tonic Water,30,Beverages
Soda,26,Beverages
Baking Powder,16,Baking Supplies
Coffee,17,Beverages
Tonic Water,8,Beverages
Milk,16,Dairy
Frozen Berries,23,Frozen Foods
Evaporated Milk,22,Dairy
Peanut Butter,6,Dairy
Carrots,6,Vegetables
Quinoa,10,Grains & Pasta
Brown Sugar,20,Baking Supplies
Rice Noodles,6,Grains & Pasta
Canned Beans,6,Canned Goods
Ketchup,22,Condiments
Frozen Vegetables,18,Frozen Foods
Chocolate,9,Snacks
Pita Bread,3,Bakery
Pears,20,Fruits
Tortilla Chips,30,Snacks
Baking Soda,4,Beverages
English Muffins,18,Bakery
Beef,3,Proteins
Strawberries,5,Fruits
Whole Wheat Bread,15,Bakery
Mayonnaise,29,Condiments
Tofu,25,Proteins
Coffee,27,Beverages
Coffee,20,Beverages
Green Onions,6,Vegetables
Chili Powder,8,Spices & Seasonings
Cinnamon,13,Spices & Seasonings
Salt,8,Spices & Seasonings
Cheese,19,Dairy
Pasta,17,Grains & Pasta
Mayonnaise,22,Condiments
Pepper,28,Spices & Seasonings
Black Tea,14,Beverages
Pasta,25,Grains & Pasta
Canned Beans,19,Canned Goods
Instant Coffee,15,Beverages
Beef,30,Proteins
Green Tea,3,Beverages
Condensed Milk,21,Dairy
Eggs,2,Dairy
Popcorn,12,Snacks
Beef,28,Proteins
String Cheese,14,Dairy
Parmesan Cheese,17,Dairy
Mustard,17,Condiments
Tonic Water,1,Beverages
Butter,6,Dairy
Potatoes,20,Vegetables
Frozen Pizza,5,Frozen Foods
Sparkling Water,19,Beverages
Butternut Squash,10,Dairy
Mustard,16,Condiments
Frozen Vegetables,1,Frozen Foods
Fish,6,Proteins
Butter Lettuce,10,Vegetables
Flour,12,Grains & Pasta
Greek Yogurt,16,Dairy
Pepper,12,Spices & Seasonings
Cheddar Cheese,14,Dairy
Frozen Vegetables,5,Frozen Foods
Fish,15,Proteins
Salt,26,Spices & Seasonings
Fish,14,Proteins
Flour,20,Grains & Pasta
Coconut Milk,7,Dairy
Bread,14,Bakery
Pasta Sauce,26,Grains & Pasta
Brown Sugar,27,Baking Supplies
Flour,21,Grains & Pasta
Rice Noodles,7,Grains & Pasta
Pasta Sauce,24,Grains & Pasta
Cheese,2,Dairy
Tortillas,24,Grains & Pasta
Frozen Pizza,23,Frozen Foods
Baking Soda,29,Beverages
Mayonnaise,29,Condiments
Spinach,25,Vegetables
Fish,3,Proteins
Chocolate,14,Snacks
Canned Beans,16,Canned Goods
Iced Tea,19,Beverages
Sparkling Water,14,Beverages
Whole Wheat Bread,20,Bakery
Popcorn,21,Snacks
Bagged Chips,21,Snacks
Baking Soda,3,Beverages
Frozen Berries,30,Frozen Foods
Lettuce,20,Vegetables
Flour,18,Grains & Pasta
Parmesan Cheese,14,Dairy
Chili Powder,19,Spices & Seasonings
Baking Powder,3,Baking Supplies
Ice Cream,12,Snacks
Ketchup,18,Condiments
Grapes,16,Fruits
Chocolate,10,Snacks
Hot Sauce,15,Condiments
Cheddar Cheese,23,Dairy
Baking Powder,20,Baking Supplies
Tortilla Chips,23,Snacks
Green Onions,5,Vegetables
Pasta,21,Grains & Pasta
Tea,24,Beverages
Condensed Milk,13,Dairy
Pita Bread,10,Bakery
Onions,16,Vegetables
Tortilla Chips,4,Snacks
Iced Tea,11,Beverages
Flour,29,Grains & Pasta
Lettuce,8,Vegetables
Frozen Vegetables,21,Frozen Foods
Popcorn,1,Snacks
Mayonnaise,1,Condiments
Tomatoes,10,Vegetables
Cheese,9,Dairy
Cream Cheese,12,Dairy
Carrots,28,Vegetables
Butternut Squash,17,Dairy
English Muffins,13,Bakery
Spinach,17,Vegetables
Sweet Potatoes,23,Vegetables
Iced Tea,30,Beverages
Tortillas,22,Grains & Pasta
Brown Sugar,7,Baking Supplies
Pasta Sauce,20,Grains & Pasta
Pasta Sauce,25,Grains & Pasta
Popcorn,24,Snacks
Brown Sugar,6,Baking Supplies
Evaporated Milk,2,Dairy
Frozen Pizza,16,Frozen Foods
Fish,1,Proteins
Bell Peppers,15,Spices & Seasonings
Pasta Sauce,26,Grains & Pasta
Cheddar Cheese,12,Dairy
Pepper,27,Spices & Seasonings
Quinoa,20,Grains & Pasta
String Cheese,21,Dairy
Grapes,8,Fruits
Green Tea,24,Beverages
Pita Bread,7,Bakery
Popcorn,4,Snacks
Butter,20,Dairy
Rice Noodles,11,Grains & Pasta
Pepper,15,Spices & Seasonings
Salt,26,Spices & Seasonings
Quinoa,28,Grains & Pasta
Green Onions,5,Vegetables
Butternut Squash,18,Dairy
Popcorn,8,Snacks
Potatoes,29,Vegetables
Butter,3,Dairy
Soda,21,Beverages
Tortillas,10,Grains & Pasta
Bread,10,Bakery
Chili Powder,10,Spices & Seasonings
Oats,27,Grains & Pasta
Tortillas,3,Grains & Pasta
Carrots,30,Vegetables
Potatoes,22,Vegetables
Popcorn,23,Snacks
Whole Wheat Bread,24,Bakery
Tea,4,Beverages
Broccoli,27,Vegetables
Sweet Potatoes,12,Vegetables
Frozen Berries,6,Frozen Foods
Whole Wheat Bread,15,Bakery
Mac and Cheese,28,Dairy
Pita Bread,9,Bakery
Greek Yogurt,29,Dairy
Tea,11,Beverages
Watermelon,12,Beverages
Potatoes,12,Vegetables
Yogurt,14,Dairy
Whole Wheat Bread,5,Bakery
Pears,14,Fruits
Yogurt,11,Dairy
Peanut Butter,9,Dairy
Instant Coffee,30,Beverages
Frozen Pizza,7,Frozen Foods
Cinnamon,24,Spices & Seasonings
Sparkling Water,2,Beverages
Chocolate,24,Snacks
Parmesan Cheese,13,Dairy
Tonic Water,7,Beverages
Bananas,23,Fruits
Baking Powder,7,Baking Supplies
Strawberries,3,Fruits
Mac and Cheese,21,Dairy
Whole Wheat Bread,6,Bakery
Orange Juice,14,Beverages
Mozzarella Cheese,7,Dairy
Mangoes,3,Fruits
Onions,16,Vegetables
Eggs,25,Dairy
Cream Cheese,30,Dairy
Sparkling Water,4,Beverages
Tortillas,2,Grains & Pasta
String Cheese,29,Dairy
Pita Bread,27,Bakery
Black Tea,21,Beverages
Salt,27,Spices & Seasonings
Yogurt,16,Dairy
Butter Lettuce,26,Vegetables
Carrots,25,Vegetables
Pasta Sauce,22,Grains & Pasta
Carrots,24,Vegetables
Mayonnaise,7,Condiments
Sweet Potatoes,2,Vegetables
Spinach,22,Vegetables
Rice,16,Grains & Pasta
Strawberries,28,Fruits
Tea,21,Beverages
Ice Cream,29,Snacks
Bananas,17,Fruits
Pita Bread,18,Bakery
Bagged Chips,24,Snacks
Chicken Broth,14,Proteins
Soda,9,Beverages
Eggs,24,Dairy
Bread,15,Bakery
Pita Bread,30,Bakery
Oats,17,Grains & Pasta
Pasta Sauce,8,Grains & Pasta
Apples,8,Fruits
Strawberries,8,Fruits
Sweet Potatoes,5,Vegetables
Pasta,14,Grains & Pasta
Rice,25,Grains & Pasta
Carrots,15,Vegetables
Tea,2,Beverages
Tortilla Chips,24,Snacks
Mac and Cheese,9,Dairy
Quinoa,13,Grains & Pasta
Greek Yogurt,24,Dairy
Salt,7,Spices & Seasonings
Canned Chicken,19,Proteins
Evaporated Milk,15,Dairy
Sparkling Water,23,Beverages
Parmesan Cheese,23,Dairy
Baking Soda,23,Beverages
Ice Cream,3,Snacks
Popcorn,24,Snacks
Fish,1,Proteins
Green Tea,2,Beverages
Pork,16,Proteins
Evaporated Milk,16,Dairy
Strawberries,3,Fruits
Cheese,27,Dairy
Apples,10,Fruits
Frozen Berries,9,Frozen Foods
Watermelon,19,Beverages
Bagels,25,Bakery
Butter Lettuce,30,Vegetables
Parmesan Cheese,17,Dairy
Quinoa,27,Grains & Pasta
Sweet Potatoes,4,Vegetables
Potatoes,6,Vegetables
Tortillas,7,Grains & Pasta
Iced Tea,6,Beverages
Oats,27,Grains & Pasta
Orange Juice,8,Beverages
Ketchup,7,Condiments
Bagged Chips,17,Snacks
Salt,3,Spices & Seasonings
Tonic Water,13,Beverages
Iced Tea,28,Beverages
Whole Wheat Bread,22,Bakery
Pasta Sauce,5,Grains & Pasta
Fish,23,Proteins
Bread,6,Bakery
Onions,10,Vegetables
Parmesan Cheese,27,Dairy
Green Tea,14,Beverages
Baking Soda,10,Beverages
English Muffins,23,Bakery
English Muffins,14,Bakery
Canned Chicken,27,Proteins
Mayonnaise,6,Condiments
Pasta,8,Grains & Pasta
Bananas,9,Fruits
Evaporated Milk,11,Dairy
Orange Juice,24,Beverages
Bagels,19,Bakery
Chicken,5,Proteins
Cheese,21,Dairy
Bagged Chips,18,Snacks
Pepper,13,Spices & Seasonings
Grapes,26,Fruits
Popcorn,27,Snacks
Spinach,14,Vegetables
Bagged Chips,12,Snacks
Pasta Sauce,9,Grains & Pasta
Eggs,23,Dairy
Onions,20,Vegetables
Bell Peppers,16,Spices & Seasonings
Cinnamon,22,Spices & Seasonings
Potatoes,13,Vegetables
Greek Yogurt,16,Dairy
Bell Peppers,7,Spices & Seasonings
Pork,20,Proteins
Mustard,11,Condiments
Cinnamon,19,Spices & Seasonings
Orange Juice,20,Beverages
Grapes,13,Fruits
Butter,26,Dairy
Bell Peppers,28,Spices & Seasonings
Whole Wheat Bread,17,Bakery
Brown Sugar,30,Baking Supplies
Chocolate,10,Snacks
Coconut Milk,15,Dairy
Green Onions,14,Vegetables
Watermelon,21,Beverages
Oats,18,Grains & Pasta
Chocolate,5,Snacks
Greek Yogurt,5,Dairy
Bell Peppers,23,Spices & Seasonings
Cheddar Cheese,27,Dairy
Mangoes,28,Fruits
Grapes,23,Fruits
Evaporated Milk,17,Dairy
Salt,3,Spices & Seasonings
Hot Sauce,22,Condiments
Frozen Vegetables,11,Frozen Foods
Strawberries,30,Fruits
Beef,5,Proteins
Chili Powder,30,Spices & Seasonings
Almond Milk,14,Dairy
Whole Wheat Bread,11,Bakery
Pepper,3,Spices & Seasonings
Spinach,3,Vegetables
Beef,30,Proteins
Cream Cheese,11,Dairy
Canned Beans,27,Canned Goods
Popcorn,29,Snacks
Tortillas,11,Grains & Pasta
Pita Bread,4,Bakery
Frozen Vegetables,29,Frozen Foods
Flour,11,Grains & Pasta
English Muffins,18,Bakery
Sweet Potatoes,8,Vegetables
Mustard,8,Condiments
Frozen Vegetables,1,Frozen Foods
Quinoa,27,Grains & Pasta
Whole Wheat Bread,22,Bakery
Eggs,20,Dairy
Mayonnaise,22,Condiments
Butter,19,Dairy
Tomatoes,4,Vegetables
Flour,21,Grains & Pasta
Quinoa,11,Grains & Pasta
Canned Chicken,16,Proteins
Carrots,26,Vegetables
Mozzarella Cheese,23,Dairy
Carrots,1,Vegetables
Peanut Butter,3,Dairy
Butter,1,Dairy
Parmesan Cheese,15,Dairy
Oats,24,Grains & Pasta
Bagged Chips,10,Snacks
Chicken,6,Proteins
Pasta Sauce,27,Grains & Pasta
Chili Powder,25,Spices & Seasonings
Mozzarella Cheese,7,Dairy
Black Tea,29,Beverages
Instant Coffee,1,Beverages
Hot Sauce,2,Condiments
Ketchup,7,Condiments
Pita Bread,5,Bakery
Soda,5,Beverages
Coffee,4,Beverages
Cookies,8,Snacks
Cream Cheese,10,Dairy
Pears,17,Fruits
Chili Powder,3,Spices & Seasonings
Tonic Water,28,Beverages
Butternut Squash,21,Dairy
Brown Sugar,2,Baking Supplies
Canned Beans,29,Canned Goods
Fish,21,Proteins
Coconut Milk,26,Dairy
Eggs,2,Dairy
Mustard,4,Condiments
Frozen Berries,24,Frozen Foods
Greek Yogurt,6,Dairy
Bananas,20,Fruits
Frozen Vegetables,7,Frozen Foods
Frozen Vegetables,23,Frozen Foods
Pears,22,Fruits
Rice Noodles,8,Grains & Pasta
Popcorn,19,Snacks
Frozen Pizza,27,Frozen Foods
Oats,11,Grains & Pasta
Oats,22,Grains & Pasta
Beef,9,Proteins
Broccoli,13,Vegetables
Rice Noodles,27,Grains & Pasta
Bagels,21,Bakery
Popcorn,4,Snacks
Pasta,25,Grains & Pasta
Pears,25,Fruits
Milk,24,Dairy
Rice Noodles,1,Grains & Pasta
Watermelon,13,Beverages
Chocolate,25,Snacks
Pears,16,Fruits
Tortilla Chips,20,Snacks
Mozzarella Cheese,17,Dairy
Cheese,22,Dairy
Grapes,19,Fruits
Potatoes,19,Vegetables
Almond Milk,11,Dairy
Mac and Cheese,17,Dairy
Bagels,21,Bakery
Canned Beans,15,Canned Goods
Pasta,25,Grains & Pasta
Bananas,21,Fruits
Greek Yogurt,19,Dairy
Mayonnaise,6,Condiments
Rice,14,Grains & Pasta
Tortilla Chips,15,Snacks
Evaporated Milk,14,Dairy
Sweet Potatoes,24,Vegetables
Tofu,10,Proteins
Tortillas,9,Grains & Pasta
Lettuce,6,Vegetables
Onions,28,Vegetables
Bagged Chips,18,Snacks
Oats,2,Grains & Pasta
Baking Powder,9,Baking Supplies
Almond Milk,28,Dairy
String Cheese,29,Dairy
Watermelon,10,Beverages
Potatoes,22,Vegetables
Pepper,25,Spices & Seasonings
Onions,27,Vegetables
Lettuce,30,Vegetables
Chocolate,24,Snacks
Watermelon,6,Beverages
Tofu,16,Proteins
Butter,9,Dairy
Hot Sauce,29,Condiments
Rice,25,Grains & Pasta
Tortillas,1,Grains & Pasta
Butter Lettuce,21,Vegetables
Mac and Cheese,9,Dairy
Butternut Squash,27,Dairy
Black Tea,10,Beverages
Pita Bread,3,Bakery
Pepper,10,Spices & Seasonings
Carrots,13,Vegetables
Milk,12,Dairy
Green Onions,28,Vegetables
Tortilla Chips,30,Snacks
English Muffins,16,Bakery
Bagels,4,Bakery
Bread,30,Bakery
Potatoes,17,Vegetables
Cream Cheese,5,Dairy
Strawberries,12,Fruits
English Muffins,17,Bakery
Parmesan Cheese,24,Dairy
Tofu,1,Proteins
Cookies,27,Snacks
Tea,6,Beverages
Hot Sauce,12,Condiments
Mangoes,10,Fruits
Beef,15,Proteins
Grapes,9,Fruits
Fish,16,Proteins
Mac and Cheese,6,Dairy
Bananas,14,Fruits
Chicken Broth,25,Proteins
Tonic Water,10,Beverages
Rice,13,Grains & Pasta
Tonic Water,20,Beverages
Canned Beans,28,Canned Goods
Tortilla Chips,21,Snacks
Orange Juice,2,Beverages
Flour,7,Grains & Pasta
Condensed Milk,17,Dairy
Tomatoes,30,Vegetables
Pasta,15,Grains & Pasta
Sparkling Water,21,Beverages
Chocolate,20,Snacks
Coconut Milk,21,Dairy
Parmesan Cheese,16,Dairy
Milk,2,Dairy
Pasta Sauce,29,Grains & Pasta
Whole Wheat Bread,23,Bakery
String Cheese,15,Dairy
Almond Milk,15,Dairy
Tofu,27,Proteins
Bread,14,Bakery
Cheddar Cheese,28,Dairy
Watermelon,2,Beverages
Sparkling Water,18,Beverages
Mangoes,29,Fruits
Parmesan Cheese,3,Dairy
Condensed Milk,15,Dairy
Eggs,10,Dairy
Chocolate,27,Snacks
Pork,21,Proteins
Tonic Water,3,Beverages
English Muffins,8,Bakery
Soda,8,Beverages
Spinach,20,Vegetables
Canned Beans,3,Canned Goods
Whole Wheat Bread,12,Bakery
Bread,7,Bakery
Flour,23,Grains & Pasta
Rice Noodles,24,Grains & Pasta
Salt,10,Spices & Seasonings
Butter Lettuce,4,Vegetables
Cream Cheese,13,Dairy
Lettuce,18,Vegetables
Greek Yogurt,16,Dairy
Bagels,13,Bakery
Quinoa,19,Grains & Pasta
Baking Powder,8,Baking Supplies
Mangoes,20,Fruits
Pepper,5,Spices & Seasonings
Cheese,18,Dairy
Hot Sauce,6,Condiments
Bananas,11,Fruits
Whole Wheat Bread,24,Bakery
Grapes,8,Fruits
Beef,30,Proteins
Mozzarella Cheese,30,Dairy
Frozen Pizza,18,Frozen Foods
Green Tea,9,Beverages
Bread,28,Bakery
Broccoli,18,Vegetables
Popcorn,26,Snacks
Rice Noodles,9,Grains & Pasta
Tortilla Chips,27,Snacks
Pepper,14,Spices & Seasonings
Orange Juice,4,Beverages
Peanut Butter,2,Dairy
Quinoa,27,Grains & Pasta
Butter Lettuce,19,Vegetables
Onions,26,Vegetables
Yogurt,14,Dairy
Yogurt,7,Dairy
Apples,6,Fruits
Black Tea,15,Beverages
Cookies,15,Snacks
Chicken Broth,30,Proteins
Frozen Pizza,12,Frozen Foods
Tea,9,Beverages
Bread,12,Bakery
Lettuce,28,Vegetables
Soda,16,Beverages
Brown Sugar,27,Baking Supplies
Mangoes,13,Fruits
Bell Peppers,3,Spices & Seasonings
Tortillas,16,Grains & Pasta
Greek Yogurt,17,Dairy
Pasta Sauce,6,Grains & Pasta
Greek Yogurt,4,Dairy
Coffee,11,Beverages
Bell Peppers,13,Spices & Seasonings
Mac and Cheese,27,Dairy
Bread,8,Bakery
Cheddar Cheese,20,Dairy
String Cheese,11,Dairy
Hot Sauce,26,Condiments
Grapes,23,Fruits
Pasta,23,Grains & Pasta
Chicken Broth,20,Proteins
Iced Tea,28,Beverages
Flour,5,Grains & Pasta
Broccoli,27,Vegetables
Yogurt,23,Dairy
Mayonnaise,14,Condiments
Soda,8,Beverages
Butter,7,Dairy
Spinach,26,Vegetables
Cinnamon,3,Spices & Seasonings
Orange Juice,29,Beverages
Bananas,21,Fruits
Frozen Vegetables,17,Frozen Foods
Cookies,11,Snacks
Cookies,21,Snacks
Tomatoes,6,Vegetables
Salt,15,Spices & Seasonings
Frozen Vegetables,15,Frozen Foods
English Muffins,4,Bakery
Oats,12,Grains & Pasta
Coconut Milk,24,Dairy
Chili Powder,1,Spices & Seasonings
Eggs,29,Dairy
Bread,13,Bakery
Pasta Sauce,3,Grains & Pasta
Yogurt,1,Dairy
Canned Chicken,14,Proteins
Iced Tea,16,Beverages
Pita Bread,15,Bakery
Whole Wheat Bread,2,Bakery
Chicken,26,Proteins
Rice Noodles,4,Grains & Pasta
Chili Powder,22,Spices & Seasonings
Chili Powder,14,Spices & Seasonings
Black Tea,30,Beverages
Green Tea,30,Beverages
English Muffins,7,Bakery
Cream Cheese,5,Dairy
Parmesan Cheese,16,Dairy
Bagels,18,Bakery
Cookies,10,Snacks
Green Onions,18,Vegetables
Watermelon,17,Beverages
Eggs,8,Dairy
Beef,7,Proteins
Pita Bread,27,Bakery
Hot Sauce,18,Condiments
Ice Cream,24,Snacks
Chicken Broth,14,Proteins
Rice,29,Grains & Pasta
Salt,9,Spices & Seasonings
English Muffins,13,Bakery
Popcorn,10,Snacks
Lettuce,30,Vegetables
Fish,30,Proteins
Tonic Water,24,Beverages
Bread,2,Bakery
Tonic Water,6,Beverages
Potatoes,26,Vegetables
Chicken,19,Proteins
Milk,2,Dairy
Whole Wheat Bread,17,Bakery
Mayonnaise,28,Condiments
Mayonnaise,12,Condiments
Tomatoes,19,Vegetables
Chili Powder,22,Spices & Seasonings
Chicken Broth,5,Proteins
Ketchup,12,Condiments
Mozzarella Cheese,10,Dairy
Bagged Chips,30,Snacks
Cheese,9,Dairy
Brown Sugar,2,Baking Supplies
Lettuce,10,Vegetables
Mac and Cheese,21,Dairy
Green Tea,8,Beverages
Chicken Broth,6,Proteins
Frozen Vegetables,10,Frozen Foods
Frozen Vegetables,13,Frozen Foods
String Cheese,24,Dairy
Broccoli,14,Vegetables
Frozen Berries,9,Frozen Foods
Canned Beans,9,Canned Goods
Frozen Pizza,19,Frozen Foods
Butternut Squash,28,Dairy
Baking Powder,18,Baking Supplies
Ice Cream,27,Snacks
Canned Beans,13,Canned Goods
Bananas,12,Fruits
Mangoes,7,Fruits
Peanut Butter,24,Dairy
Flour,6,Grains & Pasta
String Cheese,2,Dairy
Green Tea,18,Beverages
Chocolate,18,Snacks
Tofu,11,Proteins
Chicken Broth,12,Proteins
Soda,29,Beverages
Greek Yogurt,20,Dairy
Iced Tea,8,Beverages
Hot Sauce,26,Condiments
Rice Noodles,25,Grains & Pasta
Chicken Broth,3,Proteins
Yogurt,11,Dairy
Chicken,23,Proteins
Orange Juice,28,Beverages
Chicken Broth,27,Proteins
Butter Lettuce,10,Vegetables
Milk,23,Dairy
Coffee,3,Beverages
Mayonnaise,17,Condiments
Quinoa,15,Grains & Pasta
Frozen Vegetables,6,Frozen Foods
Tortilla Chips,19,Snacks
Mayonnaise,30,Condiments
Soda,15,Beverages
Ketchup,25,Condiments
Instant Coffee,7,Beverages
Bagged Chips,22,Snacks
Quinoa,18,Grains & Pasta
Fish,6,Proteins
Canned Chicken,19,Proteins
English Muffins,30,Bakery
Hot Sauce,17,Condiments
Green Onions,15,Vegetables
Canned Beans,12,Canned Goods
Cheddar Cheese,5,Dairy
Chicken Broth,15,Proteins
Mustard,27,Condiments
Cream Cheese,8,Dairy
Rice,9,Grains & Pasta
Milk,29,Dairy
Canned Chicken,13,Proteins
Ketchup,26,Condiments
Sweet Potatoes,1,Vegetables
Tea,11,Beverages
Pasta,12,Grains & Pasta
Mustard,3,Condiments
Pita Bread,21,Bakery
Hot Sauce,24,Condiments
Mangoes,21,Fruits
Coffee,27,Beverages
Tea,1,Beverages
Butternut Squash,12,Dairy
Cream Cheese,10,Dairy
Bell Peppers,1,Spices & Seasonings
Flour,16,Grains & Pasta
Frozen Pizza,23,Frozen Foods
Tonic Water,30,Beverages
Chicken,6,Proteins
Cream Cheese,27,Dairy
Chicken,5,Proteins
Bananas,7,Fruits
Spinach,27,Vegetables
Mozzarella Cheese,6,Dairy
Pasta Sauce,16,Grains & Pasta
Canned Beans,17,Canned Goods
Apples,26,Fruits
Bread,27,Bakery
Salt,4,Spices & Seasonings
Salt,11,Spices & Seasonings
Hot Sauce,20,Condiments
Orange Juice,8,Beverages
Ice Cream,1,Snacks
Beef,26,Proteins
Pepper,18,Spices & Seasonings
Tofu,13,Proteins
Tortilla Chips,17,Snacks
Bananas,1,Fruits
Oats,8,Grains & Pasta
Cream Cheese,29,Dairy
Bananas,21,Fruits
Flour,21,Grains & Pasta
Frozen Pizza,16,Frozen Foods
Iced Tea,5,Beverages
Parmesan Cheese,3,Dairy
Tomatoes,1,Vegetables
Lettuce,10,Vegetables
Beef,2,Proteins
Coconut Milk,2,Dairy
Coffee,21,Beverages
Brown Sugar,20,Baking Supplies
Ranch Dressing,2,Condiments
Frozen Corn,4,Frozen Foods
Canned Tuna,19,Canned Goods
Donuts,19,Bakery
BBQ Sauce,23,Condiments
Donuts,24,Bakery
Canned Salmon,17,Canned Goods
Frozen Burritos,26,Frozen Foods
Balsamic Vinegar,25,Condiments
Frozen Peas,3,Frozen Foods
Tomato Sauce,6,Condiments
Chili Sauce,17,Condiments
Canned Salmon,23,Canned Goods
Chili Sauce,22,Condiments
BBQ Sauce,4,Condiments
Soy Sauce,6,Condiments
Pizza Dough,1,Frozen Foods
Frozen Burritos,27,Frozen Foods
Frozen Stir-Fry Vegetables,5,Frozen Foods
Soy Sauce,26,Condiments
BBQ Sauce,12,Condiments
Frozen Stir-Fry Vegetables,15,Frozen Foods
Frozen Waffles,19,Frozen Foods
Donuts,12,Bakery
Salsa,20,Condiments
Pizza Dough,8,Frozen Foods
Chili Sauce,14,Condiments
Pizza Dough,9,Frozen Foods
Tomato Sauce,4,Condiments
Ranch Dressing,12,Condiments
BBQ Sauce,19,Condiments
Balsamic Vinegar,9,Condiments
Frozen Burritos,18,Frozen Foods
Frozen Peas,15,Frozen Foods
Soy Sauce,20,Condiments
Soy Sauce,26,Condiments
Waffles,2,Frozen Foods
Ranch Dressing,4,Condiments
BBQ Sauce,27,Condiments
Frozen Waffles,25,Frozen Foods
Frozen Burritos,24,Frozen Foods
Canned Tuna,3,Canned Goods
Tomato Sauce,28,Condiments
Tomato Sauce,15,Condiments
Vinegar,7,Condiments
Canned Salmon,27,Canned Goods
Donuts,12,Bakery
Frozen Waffles,9,Frozen Foods
Frozen Peas,10,Frozen Foods
Soy Sauce,23,Condiments
Canned Salmon,28,Canned Goods
Frozen Corn,9,Frozen Foods
Canned Salmon,20,Canned Goods
Frozen Peas,23,Frozen Foods
Frozen Corn,10,Frozen Foods
Soy Sauce,5,Condiments
Pizza Dough,23,Frozen Foods
Salsa,11,Condiments
Salsa,4,Condiments
Waffles,13,Frozen Foods
Frozen Corn,4,Frozen Foods
Donuts,17,Bakery
Canned Salmon,16,Canned Goods
Salsa,26,Condiments
Frozen Corn,3,Frozen Foods
Tomato Sauce,29,Condiments
Chili Sauce,27,Condiments
Balsamic Vinegar,16,Condiments
Frozen Waffles,16,Frozen Foods
Vinegar,4,Condiments
Vinegar,10,Condiments
Frozen Stir-Fry Vegetables,26,Frozen Foods
Soy Sauce,20,Condiments
Donuts,4,Bakery
BBQ Sauce,14,Condiments
Salsa,4,Condiments
Tomato Sauce,2,Condiments
Balsamic Vinegar,13,Condiments
Frozen Peas,29,Frozen Foods
Vinegar,21,Condiments
Salsa,27,Condiments
Canned Salmon,18,Canned Goods
Balsamic Vinegar,24,Condiments
Tomato Sauce,24,Condiments
Waffles,9,Frozen Foods
Canned Salmon,23,Canned Goods
Frozen Peas,25,Frozen Foods
Frozen Corn,8,Frozen Foods
Salsa,13,Condiments
Vinegar,28,Condiments
Frozen Burritos,12,Frozen Foods
Frozen Peas,20,Frozen Foods
Canned Tuna,13,Canned Goods
Canned Salmon,16,Canned Goods
Waffles,25,Frozen Foods
Canned Tuna,30,Canned Goods
Waffles,2,Frozen Foods
Balsamic Vinegar,26,Condiments
Frozen Stir-Fry Vegetables,12,Frozen Foods
Canned Salmon,7,Canned Goods
Tomato Sauce,7,Condiments
Waffles,13,Frozen Foods
BBQ Sauce,6,Condiments
Canned Tuna,21,Canned Goods
Donuts,2,Bakery
Chili Sauce,7,Condiments
Frozen Corn,21,Frozen Foods
Frozen Waffles,19,Frozen Foods
Canned Tuna,16,Canned Goods
Vinegar,24,Condiments
Balsamic Vinegar,7,Condiments
Chili Sauce,3,Condiments
Frozen Stir-Fry Vegetables,26,Frozen Foods
Frozen Corn,5,Frozen Foods
Frozen Peas,7,Frozen Foods
Ranch Dressing,14,Condiments
BBQ Sauce,25,Condiments
Frozen Burritos,15,Frozen Foods
Frozen Corn,9,Frozen Foods
Balsamic Vinegar,10,Condiments
Pizza Dough,30,Frozen Foods
Tomato Sauce,29,Condiments
Frozen Peas,28,Frozen Foods
Balsamic Vinegar,25,Condiments
Pizza Dough,22,Frozen Foods
Frozen Stir-Fry Vegetables,28,Frozen Foods
Salsa,10,Condiments
Frozen Stir-Fry Vegetables,28,Frozen Foods
Frozen Stir-Fry Vegetables,11,Frozen Foods
Frozen Stir-Fry Vegetables,14,Frozen Foods
Frozen Corn,26,Frozen Foods
Ranch Dressing,20,Condiments
Vinegar,17,Condiments
Chili Sauce,26,Condiments
Soy Sauce,27,Condiments
Frozen Stir-Fry Vegetables,20,Frozen Foods
Chili Sauce,1,Condiments
Frozen Corn,10,Frozen Foods
Frozen Waffles,23,Frozen Foods
Balsamic Vinegar,22,Condiments
Canned Tuna,1,Canned Goods
Soy Sauce,4,Condiments
Ranch Dressing,23,Condiments
Frozen Corn,14,Frozen Foods
Vinegar,7,Condiments
Canned Tuna,21,Canned Goods
Waffles,12,Frozen Foods
BBQ Sauce,29,Condiments
Frozen Waffles,11,Frozen Foods
BBQ Sauce,17,Condiments
Tomato Sauce,16,Condiments
Chili Sauce,8,Condiments
Balsamic Vinegar,22,Condiments
Ranch Dressing,29,Condiments
BBQ Sauce,11,Condiments
Balsamic Vinegar,2,Condiments
Chili Sauce,20,Condiments
Frozen Burritos,24,Frozen Foods
Canned Salmon,4,Canned Goods
Waffles,28,Frozen Foods
Tomato Sauce,17,Condiments
Pizza Dough,21,Frozen Foods
Frozen Waffles,3,Frozen Foods
Soy Sauce,4,Condiments
Ranch Dressing,7,Condiments
Soy Sauce,28,Condiments
Soy Sauce,24,Condiments
Soy Sauce,2,Condiments
Canned Salmon,21,Canned Goods
Frozen Stir-Fry Vegetables,23,Frozen Foods
Tomato Sauce,12,Condiments
Ranch Dressing,17,Condiments
Soy Sauce,19,Condiments
Waffles,27,Frozen Foods
Ranch Dressing,27,Condiments
Ranch Dressing,25,Condiments
Chili Sauce,26,Condiments
Canned Tuna,3,Canned Goods
Frozen Peas,9,Frozen Foods
Frozen Peas,4,Frozen Foods
Balsamic Vinegar,7,Condiments
Salsa,9,Condiments
Waffles,16,Frozen Foods
Vinegar,13,Condiments
Donuts,17,Bakery
Frozen Waffles,6,Frozen Foods
Salsa,6,Condiments
Frozen Stir-Fry Vegetables,15,Frozen Foods
Tomato Sauce,19,Condiments
Balsamic Vinegar,30,Condiments
Vinegar,19,Condiments
Frozen Burritos,2,Frozen Foods
Frozen Burritos,10,Frozen Foods
Frozen Waffles,9,Frozen Foods
BBQ Sauce,10,Condiments
Salsa,19,Condiments
Tomato Sauce,14,Condiments
Frozen Peas,15,Frozen Foods
Donuts,21,Bakery
Canned Tuna,9,Canned Goods
Frozen Corn,30,Frozen Foods
Frozen Peas,12,Frozen Foods
Soy Sauce,19,Condiments
BBQ Sauce,7,Condiments
Frozen Peas,22,Frozen Foods
BBQ Sauce,11,Condiments
Soy Sauce,4,Condiments
Donuts,19,Bakery
Pizza Dough,22,Frozen Foods
Frozen Waffles,15,Frozen Foods
Ranch Dressing,17,Condiments
Tomato Sauce,28,Condiments
Frozen Corn,3,Frozen Foods
Canned Tuna,16,Canned Goods
Canned Salmon,7,Canned Goods
Salsa,7,Condiments
Frozen Corn,1,Frozen Foods
Chili Sauce,2,Condiments
Waffles,9,Frozen Foods
Balsamic Vinegar,7,Condiments
Canned Tuna,24,Canned Goods
Frozen Stir-Fry Vegetables,7,Frozen Foods
Frozen Waffles,7,Frozen Foods
Donuts,27,Bakery
Frozen Stir-Fry Vegetables,24,Frozen Foods
Tomato Sauce,26,Condiments
Canned Tuna,2,Canned Goods
Chili Sauce,30,Condiments
Donuts,15,Bakery
Frozen Stir-Fry Vegetables,23,Frozen Foods
Chili Sauce,22,Condiments
Pizza Dough,25,Frozen Foods
Chili Sauce,16,Condiments
Vinegar,13,Condiments
Canned Salmon,30,Canned Goods
Frozen Corn,17,Frozen Foods
Soy Sauce,14,Condiments
Canned Salmon,20,Canned Goods
Chili Sauce,10,Condiments
Frozen Stir-Fry Vegetables,30,Frozen Foods
Vinegar,21,Condiments
Ranch Dressing,26,Condiments
Frozen Corn,7,Frozen Foods
Salsa,15,Condiments
Vinegar,11,Condiments
Frozen Corn,6,Frozen Foods
Canned Tuna,9,Canned Goods
Frozen Corn,7,Frozen Foods
Frozen Peas,19,Frozen Foods
Canned Salmon,1,Canned Goods
Balsamic Vinegar,18,Condiments
Frozen Burritos,30,Frozen Foods
Ranch Dressing,28,Condiments
Canned Tuna,14,Canned Goods
Vinegar,5,Condiments
Vinegar,9,Condiments
Salsa,7,Condiments
Frozen Waffles,9,Frozen Foods
Ranch Dressing,27,Condiments
Pizza Dough,3,Frozen Foods
Canned Tuna,1,Canned Goods
Canned Tuna,20,Canned Goods
Ranch Dressing,13,Condiments
Balsamic Vinegar,15,Condiments
Frozen Corn,29,Frozen Foods
Frozen Burritos,27,Frozen Foods
Frozen Stir-Fry Vegetables,5,Frozen Foods
Canned Salmon,9,Canned Goods
Soy Sauce,8,Condiments
Ranch Dressing,7,Condiments
Waffles,8,Frozen Foods
Canned Salmon,18,Canned Goods
Frozen Waffles,19,Frozen Foods
Waffles,25,Frozen Foods
Pizza Dough,2,Frozen Foods
Salsa,5,Condiments
Waffles,25,Frozen Foods
Frozen Waffles,23,Frozen Foods
Soy Sauce,5,Condiments
Canned Tuna,12,Canned Goods
Frozen Corn,29,Frozen Foods
Pizza Dough,30,Frozen Foods
Frozen Peas,5,Frozen Foods
Vinegar,27,Condiments
Canned Salmon,3,Canned Goods
Ranch Dressing,6,Condiments
Vinegar,19,Condiments
Tomato Sauce,10,Condiments
Canned Salmon,10,Canned Goods
Donuts,9,Bakery
Canned Tuna,28,Canned Goods
Frozen Stir-Fry Vegetables,5,Frozen Foods
Vinegar,28,Condiments
Waffles,2,Frozen Foods
Frozen Waffles,4,Frozen Foods
Balsamic Vinegar,22,Condiments
Tomato Sauce,21,Condiments
Canned Tuna,20,Canned Goods
Donuts,4,Bakery
Vinegar,18,Condiments
Pizza Dough,21,Frozen Foods
Frozen Burritos,14,Frozen Foods
Frozen Corn,10,Frozen Foods
Chili Sauce,3,Condiments
Balsamic Vinegar,4,Condiments
Frozen Waffles,3,Frozen Foods
Pizza Dough,7,Frozen Foods
Frozen Waffles,1,Frozen Foods
Frozen Peas,15,Frozen Foods
Salsa,5,Condiments
Canned Tuna,18,Canned Goods
Frozen Waffles,27,Frozen Foods
Frozen Stir-Fry Vegetables,20,Frozen Foods
Tomato Sauce,25,Condiments
Salsa,10,Condiments
Frozen Peas,10,Frozen Foods
Frozen Corn,15,Frozen Foods
Tomato Sauce,21,Condiments
Pizza Dough,12,Frozen Foods
Balsamic Vinegar,24,Condiments
Soy Sauce,3,Condiments
Vinegar,15,Condiments
Frozen Peas,25,Frozen Foods
Balsamic Vinegar,7,Condiments
Soy Sauce,7,Condiments
Tomato Sauce,1,Condiments
Canned Salmon,17,Canned Goods
Chili Sauce,11,Condiments
Frozen Burritos,11,Frozen Foods
Frozen Corn,10,Frozen Foods
Frozen Burritos,15,Frozen Foods
Soy Sauce,24,Condiments
Canned Salmon,12,Canned Goods
Frozen Burritos,12,Frozen Foods
Salsa,2,Condiments
Waffles,25,Frozen Foods
Donuts,24,Bakery
Donuts,30,Bakery
Soy Sauce,19,Condiments
BBQ Sauce,19,Condiments
Pizza Dough,23,Frozen Foods
Tomato Sauce,14,Condiments
Soy Sauce,10,Condiments
Frozen Stir-Fry Vegetables,9,Frozen Foods
Frozen Waffles,1,Frozen Foods
Frozen Stir-Fry Vegetables,18,Frozen Foods
Balsamic Vinegar,15,Condiments
Frozen Corn,16,Frozen Foods
Frozen Corn,24,Frozen Foods
Ranch Dressing,10,Condiments
Canned Tuna,11,Canned Goods
Tomato Sauce,3,Condiments
Balsamic Vinegar,27,Condiments
Frozen Stir-Fry Vegetables,5,Frozen Foods
Frozen Stir-Fry Vegetables,21,Frozen Foods
Waffles,2,Frozen Foods
Frozen Burritos,10,Frozen Foods
Soy Sauce,25,Condiments
Pizza Dough,13,Frozen Foods
Frozen Burritos,24,Frozen Foods
Ranch Dressing,9,Condiments
Frozen Stir-Fry Vegetables,17,Frozen Foods
Salsa,14,Condiments
Ranch Dressing,13,Condiments
BBQ Sauce,7,Condiments
Chili Sauce,5,Condiments
Salsa,24,Condiments
Canned Salmon,18,Canned Goods
Frozen Burritos,25,Frozen Foods
Frozen Corn,9,Frozen Foods
Frozen Peas,24,Frozen Foods
Chili Sauce,21,Condiments
Tomato Sauce,20,Condiments
Frozen Burritos,19,Frozen Foods
Pizza Dough,9,Frozen Foods
Chili Sauce,30,Condiments
Frozen Burritos,6,Frozen Foods
Canned Salmon,12,Canned Goods
Vinegar,18,Condiments
Frozen Burritos,19,Frozen Foods
Waffles,29,Frozen Foods
Frozen Waffles,14,Frozen Foods
Balsamic Vinegar,14,Condiments
Vinegar,27,Condiments
Chili Sauce,11,Condiments
Pizza Dough,17,Frozen Foods
Frozen Burritos,19,Frozen Foods
Canned Salmon,5,Canned Goods
Soy Sauce,14,Condiments
Ranch Dressing,5,Condiments
Waffles,4,Frozen Foods
Waffles,14,Frozen Foods
Donuts,18,Bakery
Ranch Dressing,3,Condiments
Frozen Corn,23,Frozen Foods
Frozen Waffles,13,Frozen Foods
Frozen Peas,8,Frozen Foods
Pizza Dough,15,Frozen Foods
Vinegar,2,Condiments
Salsa,3,Condiments
Ranch Dressing,2,Condiments
Soy Sauce,30,Condiments
Canned Tuna,8,Canned Goods
Chili Sauce,2,Condiments
Frozen Stir-Fry Vegetables,21,Frozen Foods
Pizza Dough,3,Frozen Foods
BBQ Sauce,24,Condiments
Tomato Sauce,25,Condiments
Frozen Stir-Fry Vegetables,20,Frozen Foods
Frozen Burritos,17,Frozen Foods
Pizza Dough,29,Frozen Foods
Frozen Peas,26,Frozen Foods
Canned Salmon,12,Canned Goods
Chili Sauce,6,Condiments
Canned Salmon,27,Canned Goods
Canned Tuna,12,Canned Goods
Vinegar,15,Condiments
Donuts,29,Bakery
Frozen Peas,14,Frozen Foods
Soy Sauce,9,Condiments
Pizza Dough,17,Frozen Foods
Canned Salmon,20,Canned Goods
Canned Tuna,6,Canned Goods
Ranch Dressing,27,Condiments
Balsamic Vinegar,22,Condiments
Tomato Sauce,7,Condiments
Soy Sauce,3,Condiments
Tomato Sauce,2,Condiments
Frozen Burritos,18,Frozen Foods
Tomato Sauce,20,Condiments
Frozen Corn,18,Frozen Foods
Soy Sauce,26,Condiments
Frozen Stir-Fry Vegetables,27,Frozen Foods
Frozen Stir-Fry Vegetables,18,Frozen Foods
Chili Sauce,17,Condiments
Frozen Stir-Fry Vegetables,10,Frozen Foods
Frozen Corn,13,Frozen Foods
Pizza Dough,9,Frozen Foods
Frozen Corn,10,Frozen Foods
Frozen Burritos,7,Frozen Foods
Donuts,11,Bakery
Frozen Waffles,2,Frozen Foods
Frozen Burritos,26,Frozen Foods
Frozen Stir-Fry Vegetables,28,Frozen Foods
Pizza Dough,26,Frozen Foods
Chili Sauce,2,Condiments
Pizza Dough,21,Frozen Foods
